Origen,Calificación Promedio,Total Evaluaciones,Desviación Estándar
Tienda 3,4.048325561678677,2359,1.3864256014110314
Tienda 2,4.037303942348453,2359,1.3561528891095156
Tienda 4,3.9957591178965224,2358,1.4030631365395634
